Source File	Size	loadResources	load-configure	scan	loadDepInfo	loadInfo	load	generateSnapshots	checkR4R4B	generateNarratives	validate	loadLists	checkConformanceResources	checkConformanceResources2	checkConformanceResources3	generateLogicalMaps	validateExpressions	scanForUsageStats	checkURLsUnique	processProvenanceDetails	generate1	generate2	generateLogicals	makeDependencies	generateExampleZip	generateValidationPack	scanProfilesForR5	scanExamplesForR5
/input/myig.xml	1327	-	0	0	0	0	0	0	10	490	0	0	0	0	0	0	0	4	0	0	882	301	0	0	0	27	0	2
input/examples/nl-core-AbilityToDressOneself-01.xml	1392	24	0	0	0	0	0	0	0	22	0	0	0	0	0	0	0	0	0	0	25	16	0	0	0	0	0	0
input/examples/nl-core-AbilityToDrink-01.xml	1875	17	0	0	0	0	0	0	1	11	0	0	0	0	0	0	0	0	0	0	34	11	0	0	0	0	0	0
input/examples/nl-core-AbilityToEat-01.xml	1899	18	0	0	0	0	0	0	0	11	0	0	0	0	0	0	0	0	0	0	30	10	0	0	0	0	0	0
input/examples/nl-core-AbilityToGroom-01.xml	926	15	0	0	0	0	0	0	0	8	0	0	0	0	0	0	0	0	0	0	23	9	0	0	0	0	0	0
input/examples/nl-core-AbilityToUseToilet-01.xml	1788	13	0	0	0	0	0	0	0	12	0	0	0	0	0	0	0	0	0	0	29	9	0	0	0	0	0	0
input/examples/nl-core-AbilityToWashOneself-01.xml	1394	12	0	0	0	0	0	0	0	9	0	0	0	0	0	0	0	0	0	0	26	9	0	0	0	0	0	0
input/examples/nl-core-AdvanceDirective-01-Condition-01.xml	652	7	0	0	0	0	0	0	0	6	0	0	0	0	0	0	0	0	0	0	21	10	0	0	0	0	0	0
input/examples/nl-core-AdvanceDirective-01-RelatedPerson-01.xml	2065	13	0	0	0	0	0	0	0	17	0	0	0	0	0	0	0	0	0	0	28	13	0	0	0	0	0	0
input/examples/nl-core-AdvanceDirective-01.xml	2251	19	0	0	0	0	0	0	0	80	0	0	0	0	0	0	0	0	0	0	25	15	0	0	0	0	0	0
input/examples/nl-core-AlcoholUse-01.xml	1551	15	0	0	0	0	0	0	0	74	0	0	0	0	0	0	0	0	0	0	21	10	0	0	0	0	0	0
input/examples/nl-core-AlcoholUse-02.xml	1418	11	0	0	0	0	0	0	0	10	0	0	0	0	0	0	0	0	0	0	23	9	0	0	0	0	0	0
input/examples/nl-core-Alert-01-Condition-01.xml	1660	14	0	0	0	0	0	0	0	6	0	0	0	0	0	0	0	0	0	0	28	10	0	0	0	0	0	0
input/examples/nl-core-Alert-01.xml	1239	10	0	0	0	0	0	0	0	11	0	0	0	0	0	0	0	0	0	0	22	11	0	0	0	0	0	0
input/examples/nl-core-Alert-02.xml	898	8	0	0	0	0	0	0	0	5	0	0	0	0	0	0	0	0	0	0	21	8	0	0	0	0	0	0
input/examples/nl-core-AllergyIntolerance-01.xml	2417	13	0	0	0	0	0	0	1	12	0	0	0	0	0	0	0	1	0	0	27	16	0	0	0	0	0	0
input/examples/nl-core-AllergyIntolerance-02.xml	2439	17	0	0	0	0	0	0	0	9	0	0	0	0	0	0	0	0	0	0	47	20	0	0	0	0	0	0
input/examples/nl-core-ApgarScore-10Minute-01.xml	3291	23	0	0	0	0	0	0	0	12	0	0	0	0	0	0	0	0	0	0	34	19	0	0	0	0	0	0
input/examples/nl-core-ApgarScore-1Minute-01.xml	3283	18	0	0	0	0	0	0	0	10	0	0	0	0	0	0	0	0	0	0	29	14	0	0	0	0	0	0
input/examples/nl-core-ApgarScore-5Minute-01.xml	3283	18	1	0	0	0	0	0	0	10	0	0	0	0	0	0	0	0	0	0	29	13	0	0	0	0	0	0
input/examples/nl-core-BarthelADLIndex-01.xml	5840	30	0	0	0	0	0	0	0	11	0	0	0	0	0	0	0	0	0	0	38	17	0	0	0	0	0	0
input/examples/nl-core-BloodPressure-01.xml	4077	23	0	0	0	0	0	0	1	17	0	0	0	0	0	0	0	0	0	0	32	14	0	0	0	0	0	0
input/examples/nl-core-BodyHeight-01.xml	1633	10	0	0	0	0	0	0	0	8	0	0	0	0	0	0	0	0	0	0	22	15	0	0	0	0	0	0
input/examples/nl-core-BodyTemperature-01.xml	1343	9	0	0	0	0	0	0	0	7	0	0	0	0	0	0	0	0	0	0	22	12	0	0	0	0	0	0
input/examples/nl-core-BodyWeight-01.xml	1615	10	0	0	0	0	0	0	0	8	0	0	0	0	0	0	0	0	0	0	39	10	0	0	0	0	0	0
input/examples/nl-core-BowelFunction-01-Condition-01.xml	1548	10	0	0	0	0	0	0	0	6	0	0	0	0	0	0	0	0	0	0	21	10	0	0	0	0	0	0
input/examples/nl-core-BowelFunction-01.xml	2389	12	0	0	0	0	0	0	0	11	0	0	0	0	0	0	0	0	0	0	23	14	0	0	0	0	0	0
input/examples/nl-core-BowelFunction-02-Device-01.xml	704	10	0	0	0	0	0	0	0	5	0	0	0	0	0	0	0	0	0	0	17	13	0	0	0	0	0	0
input/examples/nl-core-BowelFunction-02-DeviceUseStatement-01.xml	984	6	0	0	0	0	0	0	1	8	0	0	0	0	0	0	0	0	0	0	19	12	0	0	0	0	0	0
input/examples/nl-core-BowelFunction-02.xml	2617	18	0	0	0	0	0	0	0	7	0	0	0	0	0	0	0	0	0	0	47	20	0	0	0	0	0	0
input/examples/nl-core-CareTeam-01-Condition-01.xml	918	7	0	0	0	0	0	0	0	4	0	0	0	0	0	0	0	0	0	0	21	13	0	0	0	0	0	0
input/examples/nl-core-CareTeam-01-Condition-02.xml	900	7	0	0	0	0	0	0	0	5	0	0	0	0	0	0	0	0	0	0	33	11	0	0	0	0	0	0
input/examples/nl-core-CareTeam-01-Condition-03.xml	906	7	0	0	0	0	0	0	0	5	0	0	0	0	0	0	0	0	0	0	33	13	0	0	0	0	0	0
input/examples/nl-core-CareTeam-01-Patient-01.xml	1179	5	0	0	0	0	0	0	0	3	0	0	0	0	0	0	0	0	0	0	24	16	0	0	0	0	0	0
input/examples/nl-core-CareTeam-01-Practitioner-01.xml	777	7	0	0	0	0	0	0	0	2	0	0	0	0	0	0	0	0	0	0	20	9	0	0	0	0	0	0
input/examples/nl-core-CareTeam-01-Practitioner-02.xml	770	6	0	0	0	0	0	0	0	2	0	0	0	0	0	0	0	0	0	0	19	9	0	0	0	0	0	0
input/examples/nl-core-CareTeam-01-Practitioner-03.xml	1113	8	0	0	0	0	0	0	0	2	0	0	0	0	0	0	0	0	0	0	22	8	0	0	0	0	0	0
input/examples/nl-core-CareTeam-01-Practitioner-04.xml	773	6	0	0	0	0	0	0	0	2	0	0	0	0	0	0	0	0	0	0	35	9	0	0	0	0	0	0
input/examples/nl-core-CareTeam-01-Practitioner-05.xml	1111	6	0	0	0	0	0	0	0	3	0	0	0	0	0	0	0	0	0	0	32	10	0	0	0	0	0	0
input/examples/nl-core-CareTeam-01-Practitioner-06.xml	914	5	0	0	0	0	0	0	0	4	0	0	0	0	0	0	0	0	0	0	19	11	0	0	0	0	0	0
input/examples/nl-core-CareTeam-01-PractitionerRole-01.xml	780	6	0	0	0	0	0	0	0	5	0	0	0	0	0	0	0	0	0	0	22	12	0	0	0	0	0	0
input/examples/nl-core-CareTeam-01-PractitionerRole-02.xml	772	6	0	0	0	0	0	0	1	5	0	0	0	0	0	0	0	0	0	0	23	10	0	0	0	0	0	2
input/examples/nl-core-CareTeam-01-PractitionerRole-03.xml	779	6	0	0	0	0	0	0	0	5	0	0	0	0	0	0	0	0	0	0	39	9	0	0	0	0	0	0
input/examples/nl-core-CareTeam-01-PractitionerRole-04.xml	785	8	0	0	0	0	0	0	0	6	0	0	0	0	0	0	0	0	0	0	39	10	0	0	0	0	0	0
input/examples/nl-core-CareTeam-01-PractitionerRole-05.xml	755	9	0	0	0	0	0	0	0	5	0	0	0	0	0	0	0	0	0	0	27	10	0	0	0	0	0	0
input/examples/nl-core-CareTeam-01-PractitionerRole-06.xml	520	4	0	0	0	0	0	0	0	5	0	0	0	0	0	0	0	0	0	0	20	8	0	0	0	0	0	0
input/examples/nl-core-CareTeam-01-RelatedPerson-01.xml	1513	10	0	0	0	0	0	0	0	7	0	0	0	0	0	0	0	0	0	0	28	10	0	0	0	0	0	0
input/examples/nl-core-CareTeam-01.xml	2857	13	0	0	0	0	0	0	0	25	0	0	0	0	0	0	0	0	0	0	30	13	0	0	0	0	0	0
input/examples/nl-core-ChecklistPainBehavior-01.xml	3862	20	0	0	0	0	0	0	0	11	0	0	0	0	0	0	0	1	0	0	31	17	0	0	0	0	0	0
input/examples/nl-core-ComfortScale-01.xml	3990	23	0	0	0	0	0	0	0	9	0	0	0	0	0	0	0	0	0	0	33	14	0	0	0	0	0	0
input/examples/nl-core-ComfortScale-02.xml	4008	26	0	0	0	0	0	0	1	8	0	0	0	0	0	0	0	0	0	0	32	14	0	0	0	0	0	0
input/examples/nl-core-ContactPerson-01.xml	4338	21	0	0	0	0	0	0	0	12	0	0	0	0	0	0	0	0	0	0	27	15	0	0	0	0	0	0
input/examples/nl-core-DOSScore-01.xml	4697	32	0	0	0	0	0	0	0	13	0	0	0	0	0	0	0	0	0	0	40	19	0	0	0	0	0	0
input/examples/nl-core-DevelopmentChild-01.xml	4262	29	0	0	0	0	0	0	1	9	0	0	0	0	0	0	0	0	0	0	38	20	0	0	0	0	0	0
input/examples/nl-core-DrugUse-01.xml	2754	27	0	0	0	0	0	0	0	8	0	0	0	0	0	0	0	0	0	0	26	15	0	0	0	0	0	0
input/examples/nl-core-DrugUse-02.xml	2196	14	0	0	0	0	0	0	0	6	0	0	0	0	0	0	0	0	0	0	24	11	0	0	0	0	0	0
input/examples/nl-core-Education-01.xml	973	6	0	0	0	0	0	0	0	5	0	0	0	0	0	0	0	0	0	0	18	9	0	0	0	0	0	0
input/examples/nl-core-Encounter-01-Location-01.xml	510	5	0	0	0	0	0	0	0	5	0	0	0	0	0	0	0	0	0	0	17	9	0	0	0	0	0	0
input/examples/nl-core-Encounter-01-Organization-01.xml	527	5	0	0	0	0	0	0	0	2	0	0	0	0	0	0	0	0	0	0	16	9	0	0	0	0	0	0
input/examples/nl-core-Encounter-01-Practitioner-01.xml	1124	6	0	0	0	0	0	0	1	3	0	0	0	0	0	0	0	0	0	0	18	10	0	0	0	0	0	0
input/examples/nl-core-Encounter-01-PractitionerRole-01.xml	518	4	0	0	0	0	0	0	0	4	0	0	0	0	0	0	0	0	0	0	15	7	0	0	0	0	0	0
input/examples/nl-core-Encounter-01.xml	1625	11	0	0	0	0	0	0	0	290	0	0	0	0	0	0	0	0	0	0	20	17	0	0	0	0	0	0
input/examples/nl-core-EpisodeOfCare-01-Condition-01.xml	886	6	0	0	0	0	0	0	0	7	0	0	0	0	0	0	0	0	0	0	16	8	0	0	0	0	0	0
input/examples/nl-core-EpisodeOfCare-01.xml	947	6	0	0	0	0	0	0	0	12	0	0	0	0	0	0	0	0	0	0	19	13	0	0	0	0	0	0
input/examples/nl-core-EpisodeOfCare-02-Condition-01.xml	890	6	0	0	0	0	0	0	0	7	0	0	0	0	0	0	0	0	0	0	17	8	0	0	0	0	0	0
input/examples/nl-core-EpisodeOfCare-02.xml	953	18	0	0	0	0	0	0	0	12	0	0	0	0	0	0	0	0	0	0	19	9	0	0	0	0	0	0
input/examples/nl-core-EpisodeOfCare-03.xml	945	8	0	0	0	0	0	0	1	11	0	0	0	0	0	0	0	0	0	0	21	8	0	0	0	0	0	0
input/examples/nl-core-EpisodeOfCare-04.xml	1160	6	0	0	0	0	0	0	0	13	0	0	0	0	0	0	0	0	0	0	43	9	0	0	0	0	0	0
input/examples/nl-core-FLACCpainScale-01.xml	3421	15	0	0	0	0	0	0	0	13	0	0	0	0	0	0	0	0	0	0	62	14	0	0	0	0	0	0
input/examples/nl-core-FeedingPatternInfant-01-NutritionOrder-01.xml	803	5	0	0	0	0	0	0	0	10	0	0	0	0	0	0	0	0	0	0	32	13	0	0	0	0	0	0
input/examples/nl-core-FeedingPatternInfant-01.xml	2643	12	1	0	0	0	0	0	0	15	0	0	0	0	0	0	0	0	0	0	39	13	0	0	0	0	0	0
input/examples/nl-core-FluidBalance-01.xml	1715	10	0	0	0	0	0	0	0	14	0	0	0	0	0	0	0	0	0	0	34	10	0	0	0	0	0	0
input/examples/nl-core-FreedomRestrictingIntervention-01-Condition-01.xml	872	6	0	0	0	0	0	0	0	9	0	0	0	0	0	0	0	0	0	0	39	9	0	0	0	0	0	0
input/examples/nl-core-FreedomRestrictingIntervention-01.xml	2211	10	0	0	0	0	0	0	0	29	0	0	0	0	0	0	0	0	0	0	40	16	0	0	0	0	0	0
input/examples/nl-core-FunctionalOrMentalStatus-01-Device-01.xml	741	5	0	0	0	0	0	0	0	8	0	0	0	0	0	0	0	0	0	0	18	9	0	0	0	0	0	0
input/examples/nl-core-FunctionalOrMentalStatus-01-DeviceUseStatement-01.xml	1039	6	0	0	0	0	0	0	0	15	0	0	0	0	0	0	0	0	0	0	20	8	0	0	0	0	0	0
input/examples/nl-core-FunctionalOrMentalStatus-01.xml	1277	12	0	0	0	0	0	0	1	9	0	0	0	0	0	0	0	0	0	0	38	10	0	0	0	0	0	0
input/examples/nl-core-HeadCircumference-01.xml	1394	10	0	0	0	0	0	0	0	9	0	0	0	0	0	0	0	0	0	0	23	9	0	0	0	0	0	0
input/examples/nl-core-HealthProfessional-Practitioner-01.xml	2863	19	0	0	0	0	0	0	0	10	0	0	0	0	0	0	0	0	0	0	24	13	0	0	0	0	0	0
input/examples/nl-core-HealthProfessional-PractitionerRole-01.xml	1027	9	0	0	0	0	0	0	0	8	0	0	0	0	0	0	0	0	0	0	41	10	0	0	0	0	0	0
input/examples/nl-core-HealthcareProvider-01.xml	1649	8	0	0	0	0	0	0	0	9	0	0	0	0	0	0	0	0	0	0	34	10	0	0	0	0	0	1
input/examples/nl-core-HealthcareProvider-Organization-01.xml	2066	10	0	0	0	0	0	0	0	5	0	0	0	0	0	0	0	0	0	0	38	11	0	0	0	0	0	0
input/examples/nl-core-HearingFunction-01.xml	993	8	0	0	0	0	0	0	0	8	0	0	0	0	0	0	0	0	0	0	36	9	0	0	0	0	0	0
input/examples/nl-core-HearingFunction.HearingAid-01.xml	1101	8	0	0	0	0	0	0	0	14	0	0	0	0	0	0	0	0	0	0	23	13	0	0	0	0	0	0
input/examples/nl-core-HearingFunction.HearingAid.Product-01.xml	718	5	0	0	0	0	0	0	0	12	0	0	0	0	0	0	0	0	0	0	33	14	0	0	0	0	0	0
input/examples/nl-core-HeartRate-01.xml	2281	12	0	0	0	0	0	0	0	11	0	0	0	0	0	0	0	0	0	0	42	17	0	0	0	0	0	0
input/examples/nl-core-HelpFromOthers-01-RelatedPerson-01.xml	1094	7	0	0	0	0	0	0	0	7	0	0	0	0	0	0	0	0	0	0	29	9	0	0	0	0	0	0
input/examples/nl-core-HelpFromOthers-01.xml	1354	7	0	0	0	0	0	0	1	13	0	0	0	0	0	0	0	0	0	0	28	16	0	0	0	0	0	0
input/examples/nl-core-HelpFromOthers-02-Location-01.xml	503	4	0	0	0	0	0	0	0	5	0	0	0	0	0	0	0	0	0	0	25	7	0	0	0	0	0	0
input/examples/nl-core-HelpFromOthers-02-Organization-01.xml	316	4	0	0	0	0	0	0	0	4	0	0	0	0	0	0	0	0	0	0	16	7	0	0	0	0	0	0
input/examples/nl-core-HelpFromOthers-02.xml	1512	8	0	0	0	0	0	0	0	15	0	0	0	0	0	0	0	0	0	0	24	10	0	0	0	0	0	0
input/examples/nl-core-IllnessPerception-01.xml	1647	8	0	0	0	0	0	0	0	8	0	0	0	0	0	0	0	0	0	0	26	11	0	0	0	0	0	0
input/examples/nl-core-LaboratoryTestResult-01.xml	1871	10	0	0	0	0	0	0	0	15	0	0	0	0	0	0	0	0	0	0	28	12	0	0	0	0	0	0
input/examples/nl-core-LaboratoryTestResult-02.xml	2241	11	0	0	0	0	0	0	0	28	0	0	0	0	0	0	0	0	0	0	26	12	0	0	0	0	0	0
input/examples/nl-core-LaboratoryTestResult-03.xml	1560	7	0	0	0	0	0	0	0	11	0	0	0	0	0	0	0	0	0	0	23	10	0	0	0	0	0	0
input/examples/nl-core-LaboratoryTestResult-04.xml	1646	10	0	0	0	0	0	0	0	17	0	0	0	0	0	0	0	1	0	0	25	11	0	0	0	0	0	0
input/examples/nl-core-LaboratoryTestResult-LaboratoryTest-05.xml	2077	11	0	0	0	0	0	0	0	16	0	0	0	0	0	0	0	0	0	0	27	12	0	0	0	0	0	0
input/examples/nl-core-LaboratoryTestResult-LaboratoryTest-06.xml	1835	10	0	0	0	0	0	0	1	14	0	0	0	0	0	0	0	0	0	0	24	11	0	0	0	0	0	0
input/examples/nl-core-LaboratoryTestResult.Specimen-01.xml	740	5	0	0	0	0	0	0	0	7	0	0	0	0	0	0	0	0	0	0	32	11	0	0	0	0	0	0
input/examples/nl-core-LaboratoryTestResult.Specimen-02.xml	646	4	0	0	0	0	0	0	0	6	0	0	0	0	0	0	0	0	0	0	24	9	0	0	0	0	0	0
input/examples/nl-core-LaboratoryTestResult.Specimen-03.xml	740	5	0	0	0	0	0	0	0	8	0	0	0	0	0	0	0	0	0	0	20	9	0	0	0	0	0	0
input/examples/nl-core-LaboratoryTestResult.Specimen-04.xml	741	5	0	0	0	0	0	0	0	8	0	0	0	0	0	0	0	0	0	0	20	9	0	0	0	0	0	0
input/examples/nl-core-LegalSituation-LegalStatus-01.xml	1198	6	0	0	0	0	0	0	0	9	0	0	0	0	0	0	0	0	0	0	20	16	0	0	0	0	0	0
input/examples/nl-core-LegalSituation-Representation-02.xml	1173	7	0	0	0	0	0	0	0	8	0	0	0	0	0	0	0	0	0	0	21	13	0	0	0	0	0	0
input/examples/nl-core-LifeStance-01.xml	935	6	0	0	0	0	0	0	0	7	0	0	0	0	0	0	0	0	0	0	20	8	0	0	0	0	0	0
input/examples/nl-core-LivingSituation-01.xml	3036	12	0	0	0	0	0	0	0	10	0	0	0	0	0	0	0	0	0	0	57	14	0	0	0	0	0	0
input/examples/nl-core-MUSTScore-01.xml	2355	10	0	0	0	0	0	0	0	13	0	0	0	0	0	0	0	0	0	0	42	13	0	0	0	0	0	0
input/examples/nl-core-MedicalDevice-01-Condition-01.xml	641	5	0	0	0	0	0	0	0	12	0	0	0	0	0	0	0	0	0	0	26	8	0	0	0	0	0	0
input/examples/nl-core-MedicalDevice-01.xml	995	6	0	0	0	0	0	0	0	14	0	0	0	0	0	0	0	0	0	0	18	9	0	0	0	0	0	0
input/examples/nl-core-MedicalDevice-02-Condition-01.xml	638	6	1	0	0	0	0	0	0	7	0	0	0	0	0	0	0	0	0	0	17	7	0	0	0	0	0	0
input/examples/nl-core-MedicalDevice-02-Location-01.xml	513	4	0	0	0	0	0	0	0	5	0	0	0	0	0	0	0	0	0	0	20	9	0	0	0	0	0	0
input/examples/nl-core-MedicalDevice-02-Organization-01.xml	567	4	0	0	0	0	0	0	0	3	0	0	0	0	0	0	0	0	0	0	15	8	0	0	0	0	0	0
input/examples/nl-core-MedicalDevice-02.xml	1930	11	0	0	0	0	0	0	1	20	0	0	0	0	0	0	0	0	0	0	22	11	0	0	0	0	0	0
input/examples/nl-core-MedicalDevice-03-Condition-01.xml	655	4	0	0	0	0	0	0	0	6	0	0	0	0	0	0	0	0	0	0	19	8	0	0	0	0	0	0
input/examples/nl-core-MedicalDevice-03-Location-01.xml	516	4	0	0	0	0	0	0	0	5	0	0	0	0	0	0	0	0	0	0	20	7	0	0	0	0	0	0
input/examples/nl-core-MedicalDevice-03-Organization-01.xml	583	5	0	0	0	0	0	0	0	3	0	0	0	0	0	0	0	0	0	0	17	8	0	0	0	0	0	0
input/examples/nl-core-MedicalDevice-03-Practitioner-01.xml	759	4	0	0	0	0	0	0	0	3	0	0	0	0	0	0	0	0	0	0	19	9	0	0	0	0	0	0
input/examples/nl-core-MedicalDevice-03-PractitionerRole-01.xml	789	5	0	0	0	0	0	0	0	6	0	0	0	0	0	0	0	0	0	0	37	9	0	0	0	0	0	0
input/examples/nl-core-MedicalDevice-03.xml	2243	10	0	0	0	0	0	0	0	23	0	0	0	0	0	0	0	0	0	0	26	10	0	0	0	0	0	0
input/examples/nl-core-MedicalDevice.Product-01.xml	1043	6	0	0	0	0	0	0	0	12	0	0	0	0	0	0	0	0	0	0	29	10	0	0	0	0	0	0
input/examples/nl-core-MedicalDevice.Product-02.xml	996	7	0	0	0	0	0	0	0	11	0	0	0	0	0	0	0	0	0	0	37	9	0	0	0	0	0	0
input/examples/nl-core-MedicalDevice.Product-03.xml	951	6	0	0	0	0	0	0	0	10	0	0	0	0	0	0	0	0	0	0	36	9	0	0	0	0	0	0
input/examples/nl-core-MedicationContraIndication-01-Practitioner-01.xml	897	5	0	0	0	0	0	0	0	4	0	0	0	0	0	0	0	0	0	0	25	9	0	0	0	0	0	0
input/examples/nl-core-MedicationContraIndication-01-PractitionerRole-01.xml	552	4	0	0	0	0	0	0	0	5	0	0	0	0	0	0	0	0	0	0	32	8	0	0	0	0	0	0
input/examples/nl-core-MedicationContraIndication-01.xml	1546	7	0	0	0	0	0	0	0	13	0	0	0	0	0	0	0	0	0	0	30	9	0	0	0	0	0	0
input/examples/nl-core-Mobility-01-Device-01.xml	627	5	0	0	0	0	0	0	0	6	0	0	0	0	0	0	0	0	0	0	18	8	0	0	0	0	0	0
input/examples/nl-core-Mobility-01-DeviceUseStatement-01.xml	835	7	0	0	0	0	0	0	0	12	0	0	0	0	0	0	0	0	0	0	21	8	0	0	0	0	0	0
input/examples/nl-core-Mobility-01.xml	3221	15	0	0	0	0	0	0	1	20	0	0	0	0	0	0	0	0	0	0	72	16	0	0	0	0	0	0
input/examples/nl-core-NameInformation-complete.xml	3468	10	0	0	0	0	0	0	0	8	0	0	0	0	0	0	0	0	0	0	25	13	0	0	0	0	0	0
input/examples/nl-core-NameInformation-firstNames.xml	1853	8	0	0	0	0	0	0	0	5	0	0	0	0	0	0	0	0	0	0	21	11	0	0	0	0	0	0
input/examples/nl-core-NameInformation-firstNamesAndInitials.xml	1895	7	0	0	0	0	0	0	0	5	0	0	0	0	0	0	0	0	0	0	38	9	0	0	0	0	0	0
input/examples/nl-core-NameInformation-firstNamesAndInitialsSeparate.xml	2977	11	0	0	0	0	0	0	0	5	0	0	0	0	0	0	0	0	0	0	28	14	0	0	0	0	0	0
input/examples/nl-core-NameInformation-initials.xml	1758	7	0	0	0	0	0	0	0	5	0	0	0	0	0	0	0	0	0	0	25	13	0	0	0	0	0	0
input/examples/nl-core-NutritionAdvice-01-Condition-01.xml	646	5	0	0	0	0	0	0	0	6	0	0	0	0	0	0	0	0	0	0	21	10	0	0	0	0	0	0
input/examples/nl-core-NutritionAdvice-01.xml	1178	7	0	0	0	0	0	0	0	12	0	0	0	0	0	0	0	0	0	0	27	12	0	0	0	0	0	0
input/examples/nl-core-O2Saturation-01.xml	1639	10	0	0	0	0	0	0	0	12	0	0	0	0	0	0	0	0	0	0	24	13	0	0	0	0	0	0
input/examples/nl-core-PainScore-01.xml	981	6	0	0	0	0	0	0	0	9	0	0	0	0	0	0	0	0	0	0	21	12	0	0	0	0	0	0
input/examples/nl-core-ParticipationInSociety-01.xml	1673	10	0	0	0	0	0	0	0	9	0	0	0	0	0	0	0	0	0	0	25	13	0	0	0	0	0	0
input/examples/nl-core-Patient-01.xml	11702	37	0	0	0	0	0	0	1	17	0	0	0	0	0	0	0	0	0	0	49	30	0	0	0	0	1	0
input/examples/nl-core-Payer-Organization-01.xml	1320	6	0	0	0	0	0	0	0	4	0	0	0	0	0	0	0	0	0	0	25	10	0	0	0	0	0	0
input/examples/nl-core-Payer-Organization-02.xml	1421	8	0	0	0	0	0	0	0	4	0	0	0	0	0	0	0	0	0	0	21	10	0	0	0	0	0	0
input/examples/nl-core-Payer.InsuranceCompany-02.xml	1027	8	0	0	0	0	0	0	0	12	0	0	0	0	0	0	0	0	0	0	23	11	0	0	0	0	0	0
input/examples/nl-core-Payer.PayerPerson-01.xml	1243	7	0	0	0	0	0	0	0	23	0	0	0	0	0	0	0	0	0	0	23	11	0	0	0	0	0	0
input/examples/nl-core-PharmaceuticalProduct-01.xml	540	4	0	0	0	0	0	0	0	3	0	0	0	0	0	0	0	0	0	0	19	10	0	0	0	0	0	0
input/examples/nl-core-PharmaceuticalProduct-02.xml	566	5	0	0	0	0	0	0	0	3	0	0	0	0	0	0	0	0	0	0	35	8	0	0	0	0	0	0
input/examples/nl-core-Pregnancy-01.xml	722	7	1	0	0	0	0	0	0	6	0	0	0	0	0	0	0	0	0	0	23	9	0	0	0	0	0	0
input/examples/nl-core-Pregnancy.DateLastMenstruation-01.xml	892	6	0	0	0	0	0	0	0	11	0	0	0	0	0	0	0	0	0	0	35	8	0	0	0	0	0	0
input/examples/nl-core-Pregnancy.EstimatedDateOfDelivery-01.xml	1180	7	0	0	0	0	0	0	0	10	0	0	0	0	0	0	0	0	0	0	40	10	0	0	0	0	0	0
input/examples/nl-core-Pregnancy.Gravidity-01.xml	854	7	0	0	0	1	0	0	0	10	0	0	0	0	0	0	0	0	0	0	18	9	0	0	0	0	0	0
input/examples/nl-core-Pregnancy.Parity-01.xml	834	8	0	0	0	0	0	0	0	9	0	0	0	0	0	0	0	0	0	0	19	14	0	0	0	0	0	0
input/examples/nl-core-Pregnancy.PregnancyDuration-01.xml	1000	8	0	0	0	0	0	0	0	10	0	0	0	0	0	0	0	0	0	0	20	15	0	0	0	0	0	0
input/examples/nl-core-Problem-01.xml	2309	11	0	0	0	0	0	0	0	12	0	0	0	0	0	0	0	0	0	0	41	20	0	0	1	0	0	0
input/examples/nl-core-Procedure-01-Condition-01.xml	776	6	0	0	0	0	0	0	0	4	0	0	0	0	0	0	0	0	0	0	33	14	0	0	0	0	0	0
input/examples/nl-core-Procedure-01-Device-01.xml	974	7	0	0	0	0	0	0	0	8	0	0	0	0	0	0	0	0	0	0	45	12	0	0	0	0	0	0
input/examples/nl-core-Procedure-01-DeviceUseStatement-01.xml	693	5	0	0	0	0	0	0	0	6	0	0	0	0	0	0	0	0	0	0	28	8	0	0	0	0	0	0
input/examples/nl-core-Procedure-01-Location-01.xml	486	6	0	0	0	0	0	0	0	4	0	0	0	0	0	0	0	0	0	0	18	9	0	0	0	0	0	0
input/examples/nl-core-Procedure-01-Organization-01.xml	304	5	0	0	0	0	0	0	0	1	0	0	0	0	0	0	0	0	0	0	27	8	0	0	0	0	0	0
input/examples/nl-core-Procedure-01-PractitionerRole-01.xml	538	6	0	0	0	0	0	0	0	2	0	0	0	0	0	0	0	0	0	0	25	10	0	0	0	0	0	0
input/examples/nl-core-Procedure-event-01.xml	1928	11	0	0	0	0	0	0	1	15	0	0	0	0	0	0	0	1	0	0	42	12	0	0	0	0	0	0
input/examples/nl-core-PulseRate-01.xml	1649	10	0	0	0	0	0	0	0	9	0	0	0	0	0	0	0	0	0	0	32	11	0	0	0	0	0	0
input/examples/nl-core-Refraction-01.xml	4248	22	0	0	0	0	0	0	0	10	0	0	0	0	0	0	0	0	0	0	34	17	0	0	0	0	0	0
input/examples/nl-core-SOAPReport-01-Practitioner-01.xml	1070	7	0	0	0	0	0	0	0	4	0	0	0	0	0	0	0	0	0	0	19	11	0	0	0	0	0	0
input/examples/nl-core-SOAPReport-01-PractitionerRole-01.xml	520	5	0	0	0	0	0	0	0	3	0	0	0	0	0	0	0	0	0	0	16	8	0	0	0	0	0	0
input/examples/nl-core-SOAPReport-01.xml	3387	16	0	0	0	0	0	0	0	6	0	0	0	0	0	0	0	0	0	0	47	21	0	0	0	0	0	0
input/examples/nl-core-SOAPReport.SOAPLine-01.xml	962	5	0	0	0	0	0	0	0	4	0	0	0	0	0	0	0	0	0	0	20	10	0	0	0	0	0	0
input/examples/nl-core-SOAPReport.SOAPLine-02.xml	561	5	0	0	0	0	0	0	0	3	0	0	0	0	0	0	0	0	0	0	28	9	0	0	0	0	0	0
input/examples/nl-core-SOAPReport.SOAPLine-03.xml	863	7	0	0	0	0	0	0	0	3	0	0	0	0	0	0	0	0	0	0	19	9	0	0	0	0	0	0
input/examples/nl-core-SOAPReport.SOAPLine-04.xml	552	6	0	0	0	0	0	0	0	2	0	0	0	0	0	0	0	0	0	0	17	9	0	0	0	0	0	0
input/examples/nl-core-SkinDisorder-01-Condition-01.xml	899	8	0	0	0	0	0	0	0	4	0	0	0	0	0	0	0	0	0	0	21	8	0	0	0	0	0	0
input/examples/nl-core-SkinDisorder-01.xml	1796	10	0	0	0	0	0	0	0	9	0	0	0	0	0	0	0	0	0	0	45	12	0	0	0	0	0	0
input/examples/nl-core-Stoma-01-Device-01.xml	624	5	0	0	0	0	0	0	0	4	0	0	0	0	0	0	0	0	0	0	20	9	0	0	0	0	0	0
input/examples/nl-core-Stoma-01-DeviceUseStatement-01.xml	810	6	0	0	0	0	0	0	0	9	0	0	0	0	0	0	0	0	0	0	25	9	0	0	0	0	0	0
input/examples/nl-core-Stoma-01.xml	1463	8	0	0	0	0	0	0	0	6	0	0	0	0	0	0	0	0	0	0	26	10	0	0	0	0	0	0
input/examples/nl-core-StrongKidsScore-01.xml	2828	17	0	0	0	0	0	0	0	9	0	0	0	0	0	0	0	0	0	0	59	13	0	0	0	0	0	0
input/examples/nl-core-TextResult-01-Procedure-01.xml	857	6	1	0	0	0	0	0	0	8	0	0	0	0	0	0	0	0	0	0	23	10	0	0	0	0	0	0
input/examples/nl-core-TextResult-01.xml	2184	8	0	0	0	0	0	0	0	6	0	0	0	0	0	0	0	0	0	0	42	16	0	0	0	0	0	0
input/examples/nl-core-TextResult.VisualResult-01.xml	595	6	0	0	0	0	0	0	1	16	0	0	0	0	0	0	0	0	0	0	20	11	0	0	0	0	0	0
input/examples/nl-core-TobaccoUse-01.xml	2272	12	0	0	0	0	0	0	0	9	0	0	0	0	0	0	0	0	0	0	42	12	0	0	0	0	0	0
input/examples/nl-core-TreatmentDirective2-01-Consent-01.xml	1551	11	0	0	0	0	0	0	0	14	0	0	0	0	0	0	0	0	0	0	23	11	0	0	0	0	0	0
input/examples/nl-core-TreatmentDirective2-01-Practitioner-01.xml	3337	13	0	0	0	0	0	0	0	5	0	0	0	0	0	0	0	0	0	0	58	15	0	0	0	0	0	0
input/examples/nl-core-TreatmentDirective2-01-PractitionerRole-01.xml	1446	8	0	0	0	0	0	0	0	6	0	0	0	0	0	0	0	0	0	0	22	10	0	0	0	0	0	0
input/examples/nl-core-TreatmentDirective2-01-RelatedPerson-01.xml	5237	18	0	0	0	0	0	0	0	11	0	0	0	0	0	0	0	0	0	0	33	16	0	0	0	0	0	0
input/examples/nl-core-TreatmentDirective2-01.xml	2812	14	0	0	0	0	0	0	0	21	0	0	0	0	0	0	0	0	0	0	28	15	0	0	0	0	0	0
input/examples/nl-core-TreatmentDirective2-02-Patient-01.xml	4938	19	0	0	0	0	0	0	0	7	0	0	0	0	0	0	0	0	0	0	33	17	0	0	0	0	0	0
input/examples/nl-core-TreatmentDirective2-02.xml	1951	11	0	0	0	0	0	0	0	15	0	0	0	0	0	0	0	0	0	0	25	12	0	0	0	0	0	0
input/examples/nl-core-Vaccination-02-Location-01.xml	940	6	0	0	0	0	0	0	0	6	0	0	0	0	0	0	0	0	0	0	39	9	0	0	0	0	0	0
input/examples/nl-core-Vaccination-02-Organization-01.xml	756	6	0	0	0	0	0	0	1	3	0	0	0	0	0	0	0	0	0	0	19	9	0	0	0	0	0	0
input/examples/nl-core-Vaccination-02-PractitionerRole-01.xml	529	5	0	0	0	0	0	0	0	4	0	0	0	0	0	0	0	0	0	0	18	8	0	0	0	0	0	0
input/examples/nl-core-Vaccination-03-PharmaceuticalProduct-01.xml	1214	8	0	0	0	0	0	0	0	8	0	0	0	0	0	0	0	0	0	0	25	11	0	0	0	0	0	0
input/examples/nl-core-Vaccination-event-02.xml	1247	9	0	0	0	0	0	0	0	13	0	0	0	0	0	0	0	0	0	0	44	14	0	0	0	0	0	0
input/examples/nl-core-Vaccination-event-03.xml	3502	16	0	0	0	0	0	0	0	16	0	0	0	0	0	0	0	0	0	0	48	18	0	0	0	0	0	0
input/examples/nl-core-Vaccination-request-01.xml	1360	9	0	0	0	0	0	0	0	10	0	0	0	0	0	0	0	0	0	0	30	23	0	0	0	0	0	0
input/examples/nl-core-VisualFunction-01.xml	981	10	0	0	0	0	0	0	0	5	0	0	0	0	0	0	0	0	0	0	20	10	0	0	0	0	0	0
input/examples/nl-core-VisualFunction.VisualAid-01.xml	905	7	0	0	0	0	0	0	0	10	0	0	0	0	0	0	0	0	0	0	22	9	0	0	0	0	0	0
input/examples/nl-core-VisualFunction.VisualAid.Product-01.xml	716	7	0	0	0	0	0	0	0	5	0	0	0	0	0	0	0	0	0	0	20	9	0	0	0	0	0	1
input/resources/nl-core/ext-AdditionalCategory.xml	2481	12	1	0	1	0	0	41	0	80	0	0	1	0	0	0	0	0	0	0	70	1141	0	1	0	1	0	0
input/resources/nl-core/ext-Context-EpisodeOfCare.xml	3051	13	0	0	0	0	0	39	0	41	0	0	0	0	0	0	0	1	0	0	95	252	0	0	0	1	0	0
input/resources/nl-core/ext-CopyIndicator.xml	3125	19	0	0	0	0	0	46	0	35	0	0	0	0	0	0	0	0	0	0	86	234	0	0	0	1	0	0
input/resources/nl-core/ext-EdifactReferenceNumber.xml	2879	14	0	0	0	0	0	44	0	34	0	0	0	0	0	0	0	0	0	0	79	214	0	0	0	1	0	0
input/resources/nl-core/ext-Vaccination.PharmaceuticalProduct.xml	2617	12	0	0	0	0	0	48	0	39	0	0	0	0	0	0	0	0	0	0	90	242	0	0	0	1	0	0
input/resources/nl-core/nl-core-AbilityToDressOneself.xml	3046	13	1	0	0	0	0	1262	0	361	0	0	0	0	0	0	0	2	0	0	364	1340	0	0	0	7	0	0
input/resources/nl-core/nl-core-AbilityToDrink.xml	3038	12	0	0	0	0	0	728	0	372	0	0	0	0	0	0	0	1	0	0	339	881	0	0	0	6	1	1
input/resources/nl-core/nl-core-AbilityToEat.xml	2968	11	0	0	0	0	0	684	0	293	0	0	0	0	0	0	0	2	0	0	375	798	0	0	0	7	0	0
input/resources/nl-core/nl-core-AbilityToGroom.xml	3142	11	0	0	0	0	0	459	0	241	0	0	0	0	0	0	0	1	0	0	305	559	0	0	0	6	0	1
input/resources/nl-core/nl-core-AbilityToUseToilet.xml	3070	17	0	0	0	0	0	568	0	305	0	0	0	0	0	0	0	2	0	0	458	675	0	0	0	10	0	1
input/resources/nl-core/nl-core-AbilityToWashOneself.xml	3030	12	0	0	0	0	0	487	0	344	0	0	0	0	0	0	0	1	0	0	363	570	0	0	0	7	1	0
input/resources/nl-core/nl-core-AddressInformation.xml	2091	9	0	0	0	0	0	431	0	189	0	0	1	0	0	0	0	1	0	0	217	407	0	0	0	4	0	1
input/resources/nl-core/nl-core-AdvanceDirective.xml	4153	16	1	0	0	0	0	715	0	359	0	0	0	0	0	0	0	2	0	0	394	709	0	1	0	7	0	0
input/resources/nl-core/nl-core-AlcoholUse.xml	2659	12	0	0	0	0	0	748	0	297	0	0	0	0	0	0	0	2	0	0	391	893	0	0	0	7	0	1
input/resources/nl-core/nl-core-Alert.xml	4241	14	0	0	0	0	0	303	1	152	0	0	0	0	0	0	0	1	0	0	211	563	0	0	0	4	1	0
input/resources/nl-core/nl-core-AllergyIntolerance.xml	2986	11	0	0	0	0	0	457	0	228	0	0	0	0	0	0	0	1	0	0	278	633	0	0	0	5	0	1
input/resources/nl-core/nl-core-AnatomicalLocation.xml	2452	10	0	0	0	0	0	54	0	38	0	0	0	0	0	0	0	0	0	0	77	126	0	0	0	1	0	0
input/resources/nl-core/nl-core-ApgarScore-10Minute.xml	3249	12	0	0	0	0	0	850	0	432	0	0	1	0	0	0	0	3	0	0	565	860	0	0	0	9	0	1
input/resources/nl-core/nl-core-ApgarScore-1Minute.xml	3242	12	1	0	0	0	0	981	0	463	0	0	0	0	0	0	0	2	0	0	548	837	0	0	0	10	1	0
input/resources/nl-core/nl-core-ApgarScore-5Minute.xml	3242	11	0	0	0	0	0	956	0	582	0	0	0	0	0	0	0	3	0	0	547	857	0	0	0	9	0	1
input/resources/nl-core/nl-core-BarthelADLIndex.xml	3001	11	0	0	0	0	0	1200	0	629	0	0	0	0	0	0	0	3	0	0	769	1361	0	0	0	11	1	2
input/resources/nl-core/nl-core-BloodPressure.xml	2425	10	0	0	0	0	0	1272	0	474	0	0	0	0	0	0	0	4	0	0	662	1107	0	0	0	10	0	0
input/resources/nl-core/nl-core-BodyHeight.xml	2268	13	0	0	0	0	0	605	0	271	0	0	1	0	0	0	0	1	0	0	441	556	0	0	0	7	0	1
input/resources/nl-core/nl-core-BodyTemperature.xml	2466	11	0	0	0	0	0	490	0	271	0	0	0	0	0	0	0	1	0	0	357	659	0	0	0	7	1	1
input/resources/nl-core/nl-core-BodyWeight.xml	2290	11	1	0	0	0	0	539	0	273	0	0	0	0	0	1	0	1	0	0	394	609	0	0	0	7	0	0
input/resources/nl-core/nl-core-BowelFunction.xml	3561	13	0	0	0	0	0	1001	0	375	0	0	0	0	0	0	0	2	0	0	517	697	0	0	0	9	0	1
input/resources/nl-core/nl-core-CareTeam.xml	4474	17	0	0	0	0	0	423	0	205	0	0	0	0	0	0	0	1	0	0	291	358	0	1	0	5	1	0
input/resources/nl-core/nl-core-ChecklistPainBehavior.xml	3071	11	0	0	0	0	0	1222	0	570	0	0	0	0	0	0	0	2	0	0	773	1198	0	0	0	11	0	2
input/resources/nl-core/nl-core-ComfortScale.xml	2941	10	0	0	0	0	0	1164	0	431	0	0	0	0	0	0	0	2	0	0	657	1190	0	0	0	10	1	1
input/resources/nl-core/nl-core-ContactInformation-EmailAddresses.xml	2498	9	0	0	0	0	0	76	0	35	0	0	0	0	0	0	0	0	0	0	76	162	0	0	0	2	0	0
input/resources/nl-core/nl-core-ContactInformation-TelephoneNumbers.xml	2510	11	1	0	0	0	0	170	0	71	0	0	1	0	0	0	0	0	0	0	142	221	0	0	0	2	0	0
input/resources/nl-core/nl-core-ContactPerson.xml	4721	29	0	0	0	0	0	256	0	121	0	0	0	0	0	0	0	1	0	0	242	324	0	0	0	4	0	0
input/resources/nl-core/nl-core-DOSScore.xml	2701	12	0	0	0	0	0	1450	0	774	0	0	0	0	0	0	0	2	0	0	920	1160	0	0	0	14	1	1
input/resources/nl-core/nl-core-DevelopmentChild.xml	2837	10	0	0	0	0	0	1234	0	428	0	0	0	0	0	0	0	2	0	0	676	853	0	0	0	10	0	1
input/resources/nl-core/nl-core-DrugUse.xml	2873	11	0	0	0	0	0	766	0	312	0	0	0	0	0	0	0	2	0	0	505	590	0	0	0	10	0	1
input/resources/nl-core/nl-core-Education.xml	2486	12	1	0	0	0	0	486	0	215	0	0	0	0	0	0	0	1	0	0	328	436	0	0	0	6	1	0
input/resources/nl-core/nl-core-Encounter.xml	5877	16	0	0	0	0	0	1070	0	307	0	0	0	0	0	0	0	1	0	0	474	878	0	0	0	9	0	1
input/resources/nl-core/nl-core-EpisodeOfCare.xml	2973	12	0	0	0	0	0	329	0	127	0	0	1	0	0	0	0	1	0	0	227	427	0	0	0	3	0	0
input/resources/nl-core/nl-core-FLACCpainScale.xml	2910	11	0	0	0	0	0	905	0	363	0	0	0	0	0	0	0	2	0	0	559	833	0	0	0	9	1	1
input/resources/nl-core/nl-core-FeedingPatternInfant.xml	3736	13	0	0	0	0	0	789	0	314	0	0	0	0	0	0	0	1	0	0	489	602	0	1	0	8	0	1
input/resources/nl-core/nl-core-FluidBalance.xml	2602	10	1	0	0	0	0	727	0	292	0	0	0	0	0	0	0	1	0	0	465	578	0	0	0	8	0	0
input/resources/nl-core/nl-core-FreedomRestrictingIntervention.xml	5352	13	0	0	0	0	0	592	0	195	0	0	0	0	0	0	0	1	0	0	310	406	0	0	0	5	1	1
input/resources/nl-core/nl-core-FunctionalOrMentalStatus.xml	3140	12	0	0	0	0	0	536	0	217	0	0	0	0	0	0	0	1	0	0	345	481	0	0	0	6	0	0
input/resources/nl-core/nl-core-HeadCircumference.xml	2389	10	1	0	0	0	0	481	0	220	0	0	0	0	0	0	0	1	0	0	368	453	0	0	0	7	0	1
input/resources/nl-core/nl-core-HealthProfessional-Practitioner.xml	5113	15	0	0	0	0	0	329	0	146	0	0	0	0	0	0	0	0	0	0	254	402	0	0	0	5	1	0
input/resources/nl-core/nl-core-HealthProfessional-PractitionerRole.xml	6392	16	0	0	0	0	0	266	0	129	0	0	0	0	0	0	0	1	0	0	255	316	0	0	0	5	0	0
input/resources/nl-core/nl-core-HealthcareProvider-Organization.xml	6594	34	0	0	0	0	0	277	1	166	0	0	1	0	0	0	0	0	0	0	302	372	0	0	0	5	0	1
input/resources/nl-core/nl-core-HealthcareProvider.xml	5601	24	0	0	0	0	0	420	0	166	0	0	0	0	0	0	0	1	0	0	275	440	0	0	0	4	0	0
input/resources/nl-core/nl-core-HearingFunction.HearingAid.Product.xml	2409	8	1	0	0	0	0	1168	0	326	0	0	0	0	0	0	0	1	0	0	411	704	0	0	0	6	1	1
input/resources/nl-core/nl-core-HearingFunction.HearingAid.xml	6416	18	0	0	0	0	0	635	0	185	0	0	0	0	0	0	0	1	0	0	389	449	0	1	0	5	0	0
input/resources/nl-core/nl-core-HearingFunction.xml	3284	10	0	0	0	0	0	458	0	207	0	0	0	0	0	0	0	1	0	0	412	450	0	0	0	6	0	1
input/resources/nl-core/nl-core-HeartRate.xml	2280	10	0	0	0	0	0	600	0	288	0	0	0	0	0	0	0	2	0	0	494	620	0	0	0	8	0	0
input/resources/nl-core/nl-core-HelpFromOthers.xml	3972	14	0	0	0	0	0	714	0	253	0	0	0	0	0	0	0	1	0	0	368	492	0	0	0	6	0	1
input/resources/nl-core/nl-core-IllnessPerception.xml	2946	10	0	0	0	0	0	745	0	268	0	0	0	0	0	0	0	1	0	0	447	590	0	0	0	8	0	1
input/resources/nl-core/nl-core-LaboratoryTestResult.Specimen.xml	4672	13	0	0	0	0	0	519	0	209	0	0	0	0	0	0	0	1	0	0	333	402	0	0	0	5	1	0
input/resources/nl-core/nl-core-LaboratoryTestResult.SpecimenSource.xml	3083	12	1	0	0	0	0	405	0	183	0	0	1	0	0	0	0	1	0	0	298	381	0	0	0	5	0	1
input/resources/nl-core/nl-core-LaboratoryTestResult.xml	7009	19	0	0	0	0	0	692	0	280	0	0	0	0	0	0	0	1	0	0	481	616	0	0	0	8	0	0
input/resources/nl-core/nl-core-LegalSituation-LegalStatus.xml	3020	9	0	0	0	0	0	380	0	144	0	0	0	0	0	0	0	0	0	0	253	397	0	0	0	4	0	1
input/resources/nl-core/nl-core-LegalSituation-Representation.xml	3134	9	0	0	0	0	0	528	0	165	0	0	0	0	0	0	0	1	0	0	253	322	0	1	0	4	0	0
input/resources/nl-core/nl-core-LifeStance.xml	2524	10	1	0	0	0	0	578	0	197	0	0	0	0	0	0	0	1	0	0	325	530	0	0	0	6	0	1
input/resources/nl-core/nl-core-LivingSituation.xml	2680	10	0	0	0	0	0	649	0	257	0	0	0	0	0	0	0	1	0	0	442	772	0	0	0	6	0	0
input/resources/nl-core/nl-core-MUSTScore.xml	2877	9	0	0	0	0	0	723	0	299	0	0	0	0	0	0	0	1	0	0	469	737	0	0	0	8	0	1
input/resources/nl-core/nl-core-MedicalDevice.Product.xml	2515	9	1	0	0	0	0	300	0	266	0	0	0	0	0	0	0	2	0	0	440	564	0	0	0	7	1	1
input/resources/nl-core/nl-core-MedicalDevice.xml	7836	25	0	0	0	0	0	195	1	178	0	0	1	0	0	0	0	0	0	0	307	367	0	0	0	5	0	0
input/resources/nl-core/nl-core-MedicationContraIndication.xml	4001	11	0	0	0	0	0	231	0	98	0	0	0	0	0	0	0	1	0	0	190	244	0	0	0	2	0	0
input/resources/nl-core/nl-core-Mobility.xml	3015	9	0	0	0	0	0	1092	0	443	0	0	0	0	0	0	0	1	0	0	544	634	0	0	0	8	0	1
input/resources/nl-core/nl-core-NameInformation.GivenName.xml	2350	8	0	0	0	0	0	95	0	41	0	0	0	0	0	0	0	1	0	0	117	144	0	1	0	2	0	0
input/resources/nl-core/nl-core-NameInformation.xml	2334	7	1	0	0	0	0	313	0	128	0	0	0	0	0	0	0	0	0	0	236	241	0	0	0	2	0	1
input/resources/nl-core/nl-core-NursingIntervention.xml	5906	17	0	0	0	0	0	886	0	371	0	0	0	0	1	0	0	2	0	0	563	636	0	2	0	10	0	1
input/resources/nl-core/nl-core-NutritionAdvice.xml	3464	11	0	0	0	0	0	664	0	298	0	0	0	0	0	0	0	1	0	0	441	514	0	0	0	7	1	0
input/resources/nl-core/nl-core-O2Saturation.xml	2633	8	0	0	0	0	0	537	0	265	0	0	0	0	0	0	0	1	0	0	399	582	0	0	0	7	0	1
input/resources/nl-core/nl-core-PainScore.xml	3121	9	0	0	0	0	0	775	0	207	0	0	0	0	0	0	0	1	0	0	342	528	0	0	0	6	0	0
input/resources/nl-core/nl-core-ParticipationInSociety.xml	2800	9	0	0	0	0	0	729	0	285	0	0	0	0	0	0	0	1	0	0	472	716	0	0	0	8	0	1
input/resources/nl-core/nl-core-Patient.xml	9320	23	1	0	0	0	0	836	0	379	0	0	1	0	0	0	0	2	0	0	588	736	0	1	0	9	0	1
input/resources/nl-core/nl-core-Payer-Organization.xml	3211	10	0	0	0	0	0	300	0	110	0	0	0	0	0	0	0	1	0	0	236	289	0	0	0	4	0	0
input/resources/nl-core/nl-core-Payer.InsuranceCompany.xml	3881	10	0	0	0	0	0	377	0	157	0	0	0	0	0	0	0	0	0	0	267	337	0	0	0	4	0	1
input/resources/nl-core/nl-core-Payer.PayerPerson.xml	3946	10	0	0	0	0	0	349	0	163	0	0	0	0	0	0	0	1	0	0	259	294	0	0	0	3	1	0
input/resources/nl-core/nl-core-PharmaceuticalProduct.xml	4485	10	0	0	0	0	0	303	1	129	0	0	0	0	0	0	0	0	0	0	245	277	0	0	0	4	0	0
input/resources/nl-core/nl-core-Pregnancy.DateLastMenstruation.xml	3510	9	0	0	0	0	0	693	0	187	0	0	0	0	0	0	0	1	0	0	341	359	0	0	0	5	0	1
input/resources/nl-core/nl-core-Pregnancy.EstimatedDateOfDelivery.xml	3537	28	1	0	0	0	0	507	0	193	0	0	0	0	0	0	0	1	0	0	318	366	0	0	0	6	0	0
input/resources/nl-core/nl-core-Pregnancy.Gravidity.xml	3411	15	0	0	0	0	0	453	0	187	0	0	0	0	0	0	0	1	0	0	323	357	0	0	0	9	0	1
input/resources/nl-core/nl-core-Pregnancy.Parity.xml	3384	10	0	0	0	0	0	431	0	187	0	0	0	0	0	0	0	1	0	0	345	380	0	1	0	6	0	0
input/resources/nl-core/nl-core-Pregnancy.PregnancyDuration.xml	3483	9	0	0	0	0	0	431	0	187	0	0	0	0	0	0	0	0	0	0	326	466	0	0	0	5	0	1
input/resources/nl-core/nl-core-Pregnancy.xml	3637	9	0	0	0	0	0	335	0	166	0	0	0	0	0	0	0	1	0	0	238	364	0	0	0	4	0	0
input/resources/nl-core/nl-core-Problem.xml	3918	9	0	0	0	0	0	429	0	243	0	0	0	0	0	0	0	1	0	0	299	606	0	0	0	5	0	0
input/resources/nl-core/nl-core-Procedure-event.xml	6682	17	6	0	0	0	0	419	0	241	0	0	0	0	0	0	0	1	0	0	318	460	0	0	0	5	1	1
input/resources/nl-core/nl-core-Procedure-request.xml	8287	16	1	0	0	0	0	664	0	200	0	0	0	0	0	0	0	0	0	0	320	387	0	1	0	5	0	0
input/resources/nl-core/nl-core-PulseRate.xml	2258	8	0	0	0	0	0	599	0	250	0	0	0	0	0	0	0	2	0	0	451	468	0	0	0	6	0	1
input/resources/nl-core/nl-core-Refraction.xml	3190	9	0	0	0	0	0	1112	0	433	0	0	1	0	0	0	0	2	0	0	707	828	0	0	0	10	0	1
input/resources/nl-core/nl-core-SOAPReport.SOAPLine.xml	4109	10	0	0	0	0	0	549	1	241	0	0	0	0	0	0	0	1	0	0	371	414	0	0	0	11	0	0
input/resources/nl-core/nl-core-SOAPReport.xml	6424	13	0	0	0	0	0	547	0	233	0	0	0	0	0	0	0	1	0	0	399	443	0	1	0	6	0	1
input/resources/nl-core/nl-core-SkinDisorder.xml	3569	11	1	0	0	0	0	405	0	176	0	0	0	0	0	0	0	1	0	0	283	323	0	0	0	5	1	0
input/resources/nl-core/nl-core-Stoma.xml	3207	10	0	0	0	0	0	529	0	158	0	0	0	0	0	0	0	0	0	0	278	301	0	0	0	4	0	1
input/resources/nl-core/nl-core-StrongKidsScore.xml	2944	8	0	0	0	0	0	911	0	326	0	0	0	0	0	0	0	2	0	0	567	755	0	0	0	8	0	0
input/resources/nl-core/nl-core-TextResult.VisualResult.xml	2975	10	0	0	0	0	0	253	0	106	0	0	0	0	0	0	0	0	0	0	218	303	0	0	0	2	0	1
input/resources/nl-core/nl-core-TextResult.xml	3760	10	0	0	0	0	0	324	0	161	0	0	0	0	0	0	0	1	0	0	306	408	0	0	0	4	0	0
input/resources/nl-core/nl-core-TimeInterval.xml	2075	7	0	0	0	0	0	66	0	28	0	0	0	0	0	0	0	0	0	0	78	146	0	0	0	1	0	0
input/resources/nl-core/nl-core-TobaccoUse.xml	2719	8	1	0	0	0	0	767	0	304	0	0	0	0	0	0	0	1	0	0	635	762	0	1	0	7	0	1
input/resources/nl-core/nl-core-TreatmentDirective2.xml	5549	13	0	0	0	0	0	631	0	259	0	0	0	0	0	0	0	2	0	0	478	484	0	0	0	7	1	0
input/resources/nl-core/nl-core-Vaccination-event.xml	15011	44	0	0	0	0	0	667	0	328	0	0	1	0	0	0	0	1	0	0	512	541	0	1	0	8	0	1
input/resources/nl-core/nl-core-Vaccination-request.xml	4513	14	1	0	0	0	0	397	0	111	0	0	0	0	0	0	0	1	0	0	213	258	0	0	0	3	0	0
input/resources/nl-core/nl-core-VisualFunction.VisualAid.Product.xml	2352	7	0	0	0	0	0	689	0	262	0	0	0	0	0	0	0	1	0	0	454	454	0	0	0	5	4	1
input/resources/nl-core/nl-core-VisualFunction.VisualAid.xml	6352	16	0	0	0	0	0	432	0	230	0	0	0	0	0	0	0	1	0	0	360	326	0	0	0	5	0	0
input/resources/nl-core/nl-core-VisualFunction.xml	3229	9	0	0	0	0	0	495	0	266	0	0	0	0	0	0	0	1	0	0	355	387	0	0	0	5	0	1
input/resources/nl-core/pattern-NlCoreHealthProfessionalReference.xml	3774	7	1	0	0	0	0	63	0	28	0	0	0	0	0	0	0	0	0	0	86	130	0	0	0	1	0	0
input/resources/zib/ext-AddressInformation.AddressType.xml	2963	10	0	0	0	0	0	30	0	26	0	0	0	0	0	0	0	0	0	0	72	142	0	0	0	1	0	0
input/resources/zib/ext-AdvanceDirective.Disorder.xml	2726	11	0	0	0	0	0	25	0	24	0	0	0	0	0	0	0	0	0	0	70	120	0	1	0	1	0	0
input/resources/zib/ext-AnatomicalLocation.Laterality.xml	3034	10	1	0	0	0	0	28	0	25	0	0	0	0	0	0	0	0	0	0	83	130	0	0	0	1	0	0
input/resources/zib/ext-CarePlan-MaterialUsed.xml	1995	8	0	0	0	0	0	24	0	22	0	0	0	0	0	0	0	0	0	0	68	116	0	0	0	0	0	0
input/resources/zib/ext-CodeSpecification.xml	2510	9	0	0	0	0	0	25	0	25	0	0	0	0	0	0	0	0	0	0	69	117	0	0	0	1	0	0
input/resources/zib/ext-Comment.xml	1861	8	0	0	0	0	0	23	0	22	0	0	0	0	0	0	0	0	0	0	96	115	0	0	0	1	0	0
input/resources/zib/ext-EpisodeOfCare.EpisodeOfCareName.xml	2799	12	0	0	0	0	0	26	0	24	0	0	0	0	0	0	0	0	0	0	67	118	0	0	0	1	0	0
input/resources/zib/ext-FeedingPatternInfant.FeedingMethod.xml	2862	10	0	0	0	0	0	26	0	25	0	0	0	0	0	0	0	1	0	0	72	122	0	0	0	1	0	0
input/resources/zib/ext-FreedomRestrictingIntervention.Assent.xml	3193	11	0	0	0	0	0	40	0	40	0	0	0	0	0	0	0	0	0	0	119	156	0	0	0	1	0	0
input/resources/zib/ext-FreedomRestrictingIntervention.LegallyCapable.xml	5666	18	1	0	0	0	0	73	1	69	0	0	0	0	0	0	0	0	0	0	180	158	0	0	0	2	1	0
input/resources/zib/ext-LaboratoryTestResult.Specimen.Morphology.xml	3104	12	0	0	0	0	0	25	0	25	0	0	0	0	0	0	0	0	0	0	83	119	0	0	0	1	0	0
input/resources/zib/ext-LanguageProficiency.CommunicationDetails.xml	3073	10	0	0	0	0	0	26	0	28	0	0	0	0	0	0	0	0	0	0	100	129	0	0	0	1	0	0
input/resources/zib/ext-MedicalDevice.HealthProfessional.xml	3093	11	0	0	0	0	0	23	0	24	0	0	0	0	0	0	0	0	0	0	91	148	0	0	0	1	0	1
input/resources/zib/ext-MedicalDevice.Location.xml	2911	10	0	0	0	0	0	24	0	23	0	0	0	0	0	0	0	0	0	0	93	111	0	0	0	1	0	0
input/resources/zib/ext-MedicationContraIndication.ReasonClosure.xml	2778	10	0	0	0	0	0	24	0	30	0	0	0	0	0	0	0	0	0	0	80	107	0	0	0	0	0	0
input/resources/zib/ext-NursingIntervention-ContributorIsRequester.xml	2241	9	0	0	0	0	0	23	0	25	0	0	0	0	0	0	0	1	0	0	86	109	0	0	0	1	0	0
input/resources/zib/ext-NursingInterventionReference.xml	2116	8	1	0	0	0	0	25	0	23	0	0	0	0	0	0	0	0	0	0	80	108	0	0	0	1	0	0
input/resources/zib/ext-Payer.BankInformation.xml	5771	22	0	0	0	0	0	87	0	97	0	0	0	0	0	0	0	0	0	0	204	177	0	0	0	2	0	0
input/resources/zib/ext-PharmaceuticalProduct.Description.xml	3460	11	0	0	0	0	0	23	0	23	0	0	0	0	0	0	0	0	0	0	76	104	0	0	0	1	0	0
input/resources/zib/ext-Problem.FurtherSpecificationProblemName.xml	2829	10	0	0	0	0	0	25	0	24	0	0	0	0	0	0	0	0	0	0	88	110	0	0	1	1	0	0
input/resources/zib/ext-Procedure.ProcedureMethod.xml	3310	10	1	0	0	0	0	24	0	24	0	0	0	0	0	0	0	0	0	0	98	118	0	0	0	1	0	0
input/resources/zib/ext-SOAPReport.SOAPLineCode.xml	3414	11	0	0	0	0	0	39	0	38	0	0	0	0	0	0	0	0	0	0	126	146	0	0	0	1	0	0
input/resources/zib/ext-StomaReference.xml	2032	8	0	0	0	0	0	23	0	22	0	0	0	0	0	0	0	0	0	0	95	103	0	0	0	1	0	0
input/resources/zib/ext-TimeInterval.Duration.xml	3082	11	0	0	0	0	0	25	0	24	0	0	0	0	0	0	0	1	0	0	67	106	0	0	0	1	0	0
input/resources/zib/ext-TimeInterval.Period.xml	3921	9	1	0	0	0	0	27	0	31	0	0	1	0	0	0	0	0	0	0	97	110	0	0	0	1	0	0
input/resources/zib/ext-TreatmentDirective2.AdvanceDirective.xml	3377	10	0	0	0	0	0	54	0	25	0	0	0	0	0	0	0	0	0	0	89	111	0	0	0	1	0	0
input/resources/zib/ext-TreatmentDirective2.ReasonForEnding.xml	2855	11	0	0	0	0	0	27	0	23	0	0	0	0	0	0	0	0	0	0	90	110	0	0	0	0	0	0
input/resources/zib/ext-TreatmentDirective2.SpecificationOther.xml	3235	11	0	0	0	0	0	25	0	27	0	0	0	0	0	0	0	0	0	0	91	114	0	0	0	1	0	0
input/resources/zib/pattern-GstdQuantity.xml	2628	10	1	0	0	0	0	50	0	58	0	0	0	0	0	0	0	0	0	0	111	170	0	1	0	2	0	1
input/resources/zib/pattern-GstdSimpleQuantity.xml	2848	10	0	0	0	0	0	58	0	62	0	0	0	0	0	0	0	0	0	0	104	158	0	0	0	1	0	0
input/resources/zib/pattern-VitalSigns.xml	8356	18	0	0	0	0	0	0	0	250	0	0	0	0	0	0	0	1	0	0	425	490	0	0	0	7	0	0
input/resources/zib/pattern-ZibHealthProfessionalReference.xml	3607	7	0	0	0	0	0	0	0	28	0	0	0	0	0	0	0	0	0	0	100	132	0	0	0	1	0	0
input/resources/zib/zib-AbilityToDressOneself.xml	5567	20	0	0	0	0	0	0	0	232	0	0	0	0	0	0	0	1	0	0	415	527	0	0	0	7	0	1
input/resources/zib/zib-AbilityToDrink.xml	5483	19	0	0	0	0	0	0	0	229	0	0	0	0	0	0	0	2	0	0	424	502	0	0	0	7	1	0
input/resources/zib/zib-AbilityToEat.xml	5322	18	0	0	0	0	0	0	0	229	0	0	0	0	0	0	0	1	0	0	422	430	0	0	0	7	0	1
input/resources/zib/zib-AbilityToGroom.xml	4108	14	1	0	0	0	0	0	0	193	0	0	0	0	0	0	0	1	0	0	328	440	0	0	0	6	0	0
input/resources/zib/zib-AbilityToUseToilet.xml	5873	18	0	0	0	0	0	0	0	277	0	0	0	0	0	0	0	1	0	0	464	554	0	0	0	8	0	1
input/resources/zib/zib-AbilityToWashOneself.xml	5627	19	0	0	0	0	0	0	0	233	0	0	0	0	0	0	0	1	0	0	408	471	0	0	0	7	0	0
input/resources/zib/zib-AddressInformation.xml	17591	37	0	0	0	0	0	0	0	199	0	0	1	0	0	0	0	0	0	0	351	387	0	0	0	6	0	1
input/resources/zib/zib-AdvanceDirective.xml	9524	27	0	0	0	0	0	0	0	266	0	0	0	0	0	0	0	2	0	0	490	502	0	0	0	7	0	0
input/resources/zib/zib-AlcoholUse.xml	6964	23	0	0	0	0	0	0	0	267	0	0	0	0	0	0	0	1	0	0	484	482	0	1	0	8	0	1
input/resources/zib/zib-Alert.xml	11945	28	1	0	0	0	0	0	1	147	0	0	0	0	0	0	0	0	0	0	292	349	0	0	0	5	0	0
input/resources/zib/zib-AllergyIntolerance.xml	19129	43	0	0	0	0	0	0	0	252	0	0	0	0	0	0	0	1	0	0	426	803	0	0	0	8	1	1
input/resources/zib/zib-AnatomicalLocation.xml	2957	9	0	0	0	0	0	0	0	40	0	0	0	0	0	0	0	0	0	0	81	140	0	0	0	1	0	0
input/resources/zib/zib-ApgarScore-10Minute.xml	12260	34	0	0	0	0	0	0	0	483	0	0	0	0	0	0	0	2	0	0	762	926	0	0	0	11	0	0
input/resources/zib/zib-ApgarScore-1Minute.xml	12257	35	0	0	0	0	0	0	0	406	0	0	0	0	0	0	0	2	0	0	763	828	0	0	0	11	0	1
input/resources/zib/zib-ApgarScore-5Minute.xml	12257	35	0	0	0	0	0	0	0	412	0	0	1	0	0	0	0	1	0	0	755	728	0	0	0	11	0	1
input/resources/zib/zib-BarthelADLIndex.xml	21099	46	1	0	0	0	0	0	0	550	0	0	0	0	0	0	0	2	0	0	1402	937	0	0	0	16	0	1
input/resources/zib/zib-BloodPressure.xml	17054	38	0	0	0	0	0	0	0	438	0	0	0	0	0	0	0	2	0	0	951	751	0	0	0	14	0	1
input/resources/zib/zib-BodyHeight.xml	9634	20	0	0	0	0	0	0	0	268	0	0	0	0	0	0	0	1	0	0	493	524	0	0	0	8	0	1
input/resources/zib/zib-BodyTemperature.xml	9509	18	0	0	0	0	0	0	0	271	0	0	0	0	0	0	0	1	0	0	439	534	0	0	0	7	0	1
input/resources/zib/zib-BodyWeight.xml	9646	21	0	0	0	0	0	0	0	267	0	0	0	0	0	0	0	1	0	0	506	659	0	0	0	9	1	0
input/resources/zib/zib-BowelFunction.xml	9470	27	0	0	0	0	0	0	0	358	0	0	1	0	0	0	0	2	0	0	697	857	0	0	0	10	0	1
input/resources/zib/zib-CareTeam.xml	7582	24	0	0	0	0	0	0	0	186	0	0	0	0	0	0	0	1	0	0	331	345	0	1	0	5	0	0
input/resources/zib/zib-ChecklistPainBehavior.xml	17426	48	1	0	1	0	0	0	0	654	0	0	0	0	0	0	0	2	0	0	1151	1057	0	0	0	16	0	2
input/resources/zib/zib-ComfortScale.xml	14693	41	0	0	0	0	0	0	0	607	0	0	0	0	0	0	0	2	0	0	950	797	0	0	0	13	0	1
input/resources/zib/zib-ContactInformation-EmailAddresses.xml	4421	12	0	0	0	0	0	0	0	64	0	0	0	0	0	0	0	0	0	0	118	137	0	0	0	1	0	0
input/resources/zib/zib-ContactInformation-TelephoneNumbers.xml	7912	19	0	0	0	0	0	0	0	132	0	0	0	0	0	0	0	0	0	0	182	213	0	0	0	2	0	0
input/resources/zib/zib-ContactPerson.xml	9277	37	0	0	0	0	0	0	0	210	0	0	0	0	0	0	0	1	0	0	267	297	0	0	0	4	0	0
input/resources/zib/zib-DOSScore.xml	25396	90	0	0	0	0	0	0	0	743	0	0	1	0	0	0	0	3	0	0	1410	1161	0	0	0	20	0	2
input/resources/zib/zib-DevelopmentChild.xml	13134	54	1	0	0	0	0	0	0	542	0	0	0	0	0	0	0	2	0	0	918	818	0	0	0	13	0	1
input/resources/zib/zib-DrugUse.xml	9585	40	0	0	0	0	0	0	0	465	0	0	0	0	0	0	0	1	0	0	646	587	0	0	0	9	0	0
input/resources/zib/zib-Education.xml	3601	21	0	0	0	0	0	0	0	247	0	0	0	0	0	0	0	1	0	0	358	408	0	0	0	7	0	1
input/resources/zib/zib-Encounter.xml	17697	46	0	0	0	0	0	0	0	378	0	0	0	0	0	0	0	2	0	0	642	647	0	0	0	10	0	1
input/resources/zib/zib-EpisodeOfCare.xml	6712	21	0	0	0	0	0	0	0	138	0	0	0	0	0	0	0	1	0	0	261	258	0	0	0	4	0	0
input/resources/zib/zib-FLACCpainScale.xml	12184	39	0	0	0	0	0	0	0	386	0	0	0	0	0	0	0	2	0	0	786	902	0	0	0	12	1	1
input/resources/zib/zib-FeedingPatternInfant.xml	10494	57	1	0	0	0	0	0	1	382	0	0	1	0	0	0	0	1	0	0	631	711	0	0	0	9	0	1
input/resources/zib/zib-FluidBalance.xml	7224	32	0	0	0	0	0	0	0	339	0	0	0	0	0	0	0	1	0	0	579	551	0	0	0	9	0	1
input/resources/zib/zib-FreedomRestrictingIntervention.xml	12379	30	0	0	0	0	0	0	0	216	0	0	0	0	0	0	0	1	0	0	409	380	0	1	0	7	0	0
input/resources/zib/zib-FunctionalOrMentalStatus.xml	8229	23	0	0	0	0	0	0	0	234	0	0	0	0	0	0	0	1	0	0	452	438	0	0	0	9	0	1
input/resources/zib/zib-HeadCircumference.xml	8576	18	0	0	0	0	0	0	0	230	0	0	0	0	0	0	0	1	0	0	411	457	0	0	0	8	0	0
input/resources/zib/zib-HealthProfessional-Practitioner.xml	11173	28	0	0	0	0	0	0	0	163	0	0	0	0	0	0	0	1	0	0	336	324	0	0	0	6	0	1
input/resources/zib/zib-HealthProfessional-PractitionerRole.xml	8648	19	1	0	0	0	0	0	0	158	0	0	0	0	0	0	0	0	0	0	279	293	0	0	0	4	0	0
input/resources/zib/zib-HealthcareProvider-Organization.xml	7669	18	0	0	0	0	0	0	0	118	0	0	0	0	0	0	0	1	0	0	249	262	0	0	0	4	0	0
input/resources/zib/zib-HealthcareProvider.xml	7786	18	0	0	0	0	0	0	0	138	0	0	0	0	0	0	0	1	0	0	251	276	0	0	0	4	0	0
input/resources/zib/zib-HearingFunction.HearingAid.Product.xml	2809	8	1	0	0	0	0	0	0	266	0	0	0	0	0	0	0	1	0	0	401	473	0	0	0	5	0	1
input/resources/zib/zib-HearingFunction.HearingAid.xml	5359	15	0	0	0	0	0	0	0	154	0	0	1	0	0	0	0	0	0	0	281	297	0	0	0	4	0	1
input/resources/zib/zib-HearingFunction.xml	4715	14	1	0	0	0	0	0	0	220	0	0	0	0	0	0	0	1	0	0	353	389	0	0	0	6	0	0
input/resources/zib/zib-HeartRate.xml	10970	26	0	0	0	0	0	0	0	303	0	0	0	0	0	0	0	1	0	0	576	578	0	0	0	10	0	1
input/resources/zib/zib-HelpFromOthers.xml	9565	29	0	0	0	0	0	0	0	266	0	0	0	0	0	0	0	2	0	0	447	748	0	0	0	8	0	0
input/resources/zib/zib-IllnessPerception.xml	6474	19	0	0	0	0	0	0	0	285	0	0	0	0	0	0	0	1	0	0	698	719	0	1	0	8	1	1
input/resources/zib/zib-LaboratoryTestResult.Specimen.xml	15562	35	0	0	0	0	0	0	0	228	0	0	0	0	0	0	0	1	0	0	599	501	0	0	0	7	0	1
input/resources/zib/zib-LaboratoryTestResult.SpecimenSource.xml	3026	9	1	0	0	0	0	0	0	184	0	0	0	0	0	0	0	1	0	0	421	379	0	0	0	5	0	0
input/resources/zib/zib-LaboratoryTestResult.xml	23993	46	0	0	0	0	0	0	0	304	0	0	0	0	0	0	0	1	0	0	705	575	0	0	0	10	0	1
input/resources/zib/zib-LegalSituation-LegalStatus.xml	5999	18	0	0	0	0	0	0	0	189	0	0	0	0	0	0	0	1	0	0	309	292	0	0	0	5	0	0
input/resources/zib/zib-LegalSituation-Representation.xml	6357	18	0	0	0	0	0	0	0	204	0	0	1	0	0	0	0	0	0	0	297	334	0	0	0	5	0	1
input/resources/zib/zib-LifeStance.xml	4597	14	1	0	0	0	0	0	0	252	0	0	0	0	0	0	0	1	0	0	375	395	0	0	0	6	0	0
input/resources/zib/zib-LivingSituation.xml	7022	21	0	0	0	0	0	0	1	283	0	0	0	0	0	0	0	1	0	0	541	496	0	0	0	9	0	1
input/resources/zib/zib-MUSTScore.xml	9989	27	0	0	0	0	0	0	0	316	0	0	0	0	0	0	0	2	0	0	637	563	0	0	0	9	0	1
input/resources/zib/zib-MedicalDevice.Product.xml	11081	25	1	0	0	0	0	0	0	277	0	0	0	0	0	0	0	1	0	0	507	478	0	0	0	8	0	0
input/resources/zib/zib-MedicalDevice.xml	15206	39	0	0	0	0	0	0	0	189	0	0	0	0	0	0	0	1	0	0	343	300	0	1	0	5	0	1
input/resources/zib/zib-MedicationContraIndication.xml	8878	22	0	0	0	0	0	0	0	112	0	0	0	0	0	0	0	0	0	0	256	234	0	0	0	4	0	0
input/resources/zib/zib-Mobility.xml	10341	27	1	0	0	0	0	0	0	387	0	0	0	0	0	0	0	2	0	0	778	877	0	0	0	11	0	1
input/resources/zib/zib-NameInformation.GivenName.xml	3689	10	0	0	0	0	0	0	0	44	0	0	0	0	0	0	0	0	0	0	119	157	0	0	0	2	0	0
input/resources/zib/zib-NameInformation.xml	16291	28	0	0	0	0	0	0	0	161	0	0	1	0	0	0	0	0	0	0	332	363	0	0	0	4	0	0
input/resources/zib/zib-NursingIntervention.xml	22709	52	0	0	0	0	0	0	0	406	0	0	0	0	0	0	0	2	0	0	754	821	0	2	0	13	0	1
input/resources/zib/zib-NutritionAdvice.xml	7033	17	0	0	0	0	0	0	0	318	0	0	0	0	0	0	0	1	0	0	494	472	0	0	0	7	1	0
input/resources/zib/zib-O2Saturation.xml	9678	19	0	0	0	0	0	0	0	258	0	0	0	0	0	0	0	1	0	0	516	501	0	0	0	9	0	1
input/resources/zib/zib-PainScore.xml	7260	19	1	0	0	0	0	0	0	219	0	0	0	0	0	0	0	1	0	0	400	435	0	0	0	6	0	1
input/resources/zib/zib-ParticipationInSociety.xml	6717	20	0	0	0	0	0	0	0	299	0	0	0	0	0	0	0	1	0	0	571	626	0	0	0	10	0	0
input/resources/zib/zib-Patient.xml	30301	82	0	0	0	0	0	0	0	485	0	0	1	0	0	0	0	2	0	0	779	821	0	1	0	13	0	1
input/resources/zib/zib-Payer-Organization.xml	6419	18	0	0	0	0	0	0	0	144	0	0	0	0	0	0	0	0	0	0	234	264	1	0	0	4	0	0
input/resources/zib/zib-Payer.InsuranceCompany.xml	7203	20	0	0	0	0	0	0	0	202	0	0	0	0	0	0	0	1	0	0	296	436	0	0	0	4	0	1
input/resources/zib/zib-Payer.PayerPerson.xml	5755	22	0	0	0	0	0	0	0	154	0	0	0	0	0	0	0	1	0	0	294	325	0	0	0	4	0	0
input/resources/zib/zib-PharmaceuticalProduct.xml	12802	25	1	0	0	0	0	0	0	141	0	0	0	0	0	0	0	0	0	0	289	425	0	0	0	5	0	0
input/resources/zib/zib-Pregnancy.DateLastMenstruation.xml	4138	11	0	0	0	0	0	0	0	190	0	0	0	0	0	0	0	1	0	0	354	666	0	0	0	6	0	1
input/resources/zib/zib-Pregnancy.EstimatedDateOfDelivery.xml	5740	17	0	0	0	0	0	0	0	200	0	0	0	0	0	0	0	1	0	0	374	725	0	0	0	6	0	0
input/resources/zib/zib-Pregnancy.Gravidity.xml	4059	12	0	0	0	0	0	0	0	190	0	0	0	0	0	0	0	1	0	0	333	569	0	0	0	6	0	1
input/resources/zib/zib-Pregnancy.Parity.xml	4035	11	0	0	0	0	0	0	0	206	0	0	1	0	0	0	0	0	0	0	350	526	0	1	0	7	0	0
input/resources/zib/zib-Pregnancy.PregnancyDuration.xml	4181	12	1	0	0	0	0	0	0	186	0	0	0	0	0	0	0	1	0	0	334	458	0	0	0	6	0	1
input/resources/zib/zib-Pregnancy.xml	4061	10	0	0	0	0	0	0	0	150	0	0	0	0	0	0	0	1	0	0	265	384	0	0	0	4	0	0
input/resources/zib/zib-Problem.xml	12532	33	0	0	0	0	0	0	0	218	0	0	0	0	0	0	0	1	0	0	396	525	0	0	0	6	0	0
input/resources/zib/zib-Procedure-event.xml	16060	57	0	0	0	0	0	0	0	207	0	0	0	0	0	0	0	1	0	0	406	653	0	0	0	7	0	1
input/resources/zib/zib-Procedure-request.xml	18255	35	0	0	0	0	0	0	1	204	0	0	0	0	0	0	0	1	0	0	386	567	0	1	0	6	1	0
input/resources/zib/zib-PulseRate.xml	8714	23	0	0	0	0	0	0	0	261	0	0	0	0	0	0	0	1	0	0	514	532	0	0	0	8	0	1
input/resources/zib/zib-Refraction.xml	21960	57	1	0	0	0	0	0	0	606	0	0	0	0	0	0	0	2	0	0	1297	868	0	1	0	18	0	1
input/resources/zib/zib-SOAPReport.SOAPLine.xml	6625	16	0	0	0	0	0	0	0	234	0	0	0	0	0	0	0	1	0	0	530	438	0	0	0	7	0	1
input/resources/zib/zib-SOAPReport.xml	8599	20	0	0	0	0	0	0	0	236	0	0	1	0	0	0	0	2	0	0	440	556	0	0	0	7	0	0
input/resources/zib/zib-SkinDisorder.xml	6925	22	0	0	0	0	0	0	0	199	0	0	0	0	0	0	0	0	0	0	338	442	0	1	0	5	0	1
input/resources/zib/zib-Stoma.xml	6141	27	0	0	0	0	0	0	0	167	0	0	0	0	0	0	0	1	0	0	304	374	0	0	0	5	0	0
input/resources/zib/zib-StrongKidsScore.xml	12936	50	0	0	0	0	0	0	0	383	0	0	0	0	0	0	0	2	0	0	713	919	0	0	0	11	0	1
input/resources/zib/zib-TextResult.VisualResult.xml	2634	8	1	0	0	0	0	0	0	105	0	0	0	0	0	0	0	0	0	0	180	257	0	0	0	3	0	0
input/resources/zib/zib-TextResult.xml	7818	23	0	0	0	0	0	0	0	148	0	0	0	0	0	0	0	1	0	0	271	305	0	0	0	5	0	0
input/resources/zib/zib-TimeInterval.xml	4932	11	0	0	0	0	0	0	0	30	0	0	0	0	0	0	0	0	0	0	107	111	0	0	0	1	0	0
input/resources/zib/zib-TobaccoUse.xml	9619	28	0	0	0	0	0	0	0	326	0	0	0	0	0	0	0	2	0	0	655	589	0	0	0	14	0	1
input/resources/zib/zib-TreatmentDirective2.xml	18543	48	0	0	0	0	0	0	0	284	0	0	0	0	0	0	0	1	0	0	613	499	0	1	0	10	0	0
input/resources/zib/zib-Vaccination-event.xml	9362	21	0	0	0	0	0	0	0	248	0	0	1	0	0	0	0	1	0	0	438	415	0	1	0	6	0	1
input/resources/zib/zib-Vaccination-request.xml	7821	15	1	0	0	0	0	0	0	139	0	0	0	0	0	0	0	0	0	0	246	267	0	0	0	4	0	0
input/resources/zib/zib-VisualFunction.VisualAid.Product.xml	2756	9	0	0	0	0	0	0	0	264	0	0	0	0	0	0	0	2	0	0	392	465	0	0	0	5	1	0
input/resources/zib/zib-VisualFunction.VisualAid.xml	4573	15	0	0	0	0	0	0	0	148	0	0	0	0	0	0	0	0	0	0	260	284	0	0	0	4	0	0
input/resources/zib/zib-VisualFunction.xml	4438	12	0	0	0	0	0	0	0	202	0	0	0	0	0	0	0	1	0	0	356	367	0	0	0	6	0	1
